SurveyID,Passcode,Q6_1_CoyTh,Q6_2_CoyIH,Q6_3_CoyIE,Q6_4_CoyThCat,Q6_5_CoyEF,Q6_6_CoyFM,Q6_7_CoyBeau,Q6_8_CoyKO,Q6_Bio-Centric,Q6_Stewardship,Q6_Utiliatrian,Q6_Attitude Index,Q7_1_CatThB,Q7_2_CatRod,Q7_3_CatIH,Q7_4_CatWO,Q7_5_CatFM,Q7_6_CatBeau,Q7_7_CatKO,Q7_Bio-Centric,Q7_Stewardship,Q7_Utiliatrian,Q7_Attitude Index,Q8_1_GenN,Q8_2_GenGS,Q8_3_GenECoy,Q8_4_GenECat,Q8_5_GenVeg,Q8_6_GenYard,Q8_7_GenUY,Q8_Bio-Centric,Q8_Stewardship,Q8_Utiliatrian,Q8_Attitude Index,Q12_1,Q12_2,Q12_3,Q12_4,Q12_5,Q12_6,Q12_7,Q12_8,Q12_9,Q12_10,Q12_11,Q12_12,Q12_13,Q12_Bio-Centric,Q12_Stewardship,Q12_Utiliatrian,Q12_Attitude Index
1,10435,-1,1,2,0,-1,-1,0,-1,0,0.5,-0.666666667,Stewardship,1,0,1,-1,1,0,1,0.666666667,0,0.5,Bio-Centric,1,1,0,-1,1,1,2,1,0.5,0.5,Bio-Centric,2,2,1,2,1,2,2,-1,1,-1,2,2,2,1.5,2,0.25,Stewardship
2,09602,-1,1,2,1,-1,-1,2,-1,0.666666667,0.5,-0.333333333,Bio-Centric,0,2,2,-1,1,2,-1,1.333333333,-1,1.5,Utilitarian,2,2,0,1,2,-1,-1,2,-0.5,0,Bio-Centric,2,2,-1,-1,2,2,2,-1,2,0,2,2,2,2,2,-0.75,Bio-Centric
3,09608,0,0,1,2,0,0,1,2,0.333333333,1.5,0.666666667,Stewardship,0,0,0,0,1,0,-1,0,-0.5,0.5,Utilitarian,0,1,0,-1,1,0,2,0.666666667,0,0.5,Bio-Centric,1,1,1,1,1,1,1,0,1,0,1,1,1,1,1,0.5,Bio-Centric
4,09612,0,0,0,2,-1,0,1,1,0,0.5,0.666666667,Utilitarian,0,1,2,-1,1,2,-1,1.333333333,-1,1,Bio-Centric,2,2,-1,2,2,2,2,2,0.5,2,Bio-Centric,2,2,2,2,2,2,-1,-1,2,-1,2,2,2,2,1.4,0.5,Bio-Centric
5,09613,-1,0,2,2,-1,-1,1,1,0,1.5,0,Stewardship,-1,0,0,0,1,2,-1,0.333333333,-0.5,0.5,Utilitarian,2,2,1,1,2,1,2,2,1,1.5,Bio-Centric,2,2,-1,1,2,2,2,1,2,2,2,2,2,2,2,0.75,Bio-Centric
6,09618,-1,1,1,1,-1,-1,1,0,0.333333333,0.5,-0.333333333,Stewardship,1,1,2,-1,1,2,-1,1.666666667,-1,1,Bio-Centric,2,2,-1,1,2,1,2,2,0,1.5,Bio-Centric,1,1,1,1,2,2,2,-1,1,-1,2,2,2,1.5,1.8,0,Stewardship
7,09603,0,0,0,1,-1,0,0,1,-0.333333333,0.5,0.333333333,Stewardship,-1,1,0,-1,1,0,-1,-0.333333333,-1,1,Utilitarian,0,0,-1,0,-1,1,1,-0.333333333,0,0.5,Utilitarian,1,1,1,0,0,1,0,-1,1,-1,1,1,1,0.75,0.8,-0.25,Stewardship
8,01888,-1,1,2,1,-1,-1,2,1,0.666666667,1.5,-0.333333333,Stewardship,1,1,0,1,1,-1,1,0,1,1,Stewardship,1,1,1,-1,1,1,1,1,1,0,Bio-Centric,1,1,1,1,1,1,1,-1,1,-1,1,1,1,1,1,0,Bio-Centric
9,00010,-99,-99,-99,-99,-99,-99,-99,-99,-99,-99,-99,Bio-Centric,-99,-99,-99,-99,-99,-99,-99,-99,-99,-99,Bio-Centric,-99,-99,-99,-99,-99,-99,-99,-99,-99,-99,Bio-Centric,2,2,-1,0,1,2,1,1,1,0,1,1,1,1.25,1.4,0,Stewardship
10,Openme!,-1,0,-1,2,1,-1,-1,-1,0,-1,0,Bio-Centric,-1,0,0,0,1,0,-1,-0.333333333,-0.5,0.5,Utilitarian,1,1,0,-1,2,1,1,1.333333333,0.5,0,Bio-Centric,2,2,-1,0,1,2,2,0,1,-1,2,2,2,1.5,2,-0.5,Stewardship
11,03505,0,1,2,2,-1,0,2,0,0.666666667,1,0.666666667,Stewardship,2,0,0,2,1,0,2,0.666666667,2,0.5,Stewardship,2,2,2,-1,2,2,1,2,2,0,Bio-Centric,2,2,-1,0,1,1,2,-1,0,0,2,2,2,1.25,1.8,-0.5,Stewardship
13,01868,-1,-1,1,2,-1,0,0,1,-0.666666667,1,0.333333333,Stewardship,-1,2,1,-1,1,0,-1,0,-1,1.5,Utilitarian,1,1,-1,1,2,1,1,1.333333333,0,1,Bio-Centric,2,2,0,1,2,2,2,-1,1,-1,2,2,2,1.75,2,-0.25,Stewardship
14,01889,-1,0,0,2,0,1,1,1,0.333333333,0.5,0.666666667,Utilitarian,2,0,-1,2,1,0,1,0.333333333,1.5,0.5,Stewardship,1,1,-1,-1,2,2,2,1.333333333,0.5,0.5,Bio-Centric,2,1,-1,-1,0,1,1,-1,1,0,1,1,2,1,1.2,-0.75,Stewardship
15,03498,-1,1,2,1,-1,-1,2,-1,0.666666667,0.5,-0.333333333,Bio-Centric,2,-1,-1,-1,-2,-1,2,0,0.5,-1.5,Stewardship,2,2,2,-1,2,2,2,2,2,0.5,Bio-Centric,2,2,-1,-1,2,1,2,0,2,-1,2,2,2,2,1.8,-0.75,Bio-Centric
16,01896,-1,1,1,1,-1,-1,1,0,0.333333333,0.5,-0.333333333,Stewardship,1,0,1,-1,1,1,0,1,-0.5,0.5,Bio-Centric,1,1,2,1,1,1,0,1,1.5,0.5,Stewardship,1,1,1,0,1,1,1,0,1,-1,1,1,1,1,1,0,Bio-Centric
17,00018,0,0,1,0,-1,-1,1,0,0,0.5,-0.333333333,Stewardship,-1,0,2,-1,1,2,-1,1,-1,0.5,Bio-Centric,2,1,0,2,1,0,1,1.333333333,0,1.5,Utilitarian,2,2,0,0,2,2,1,0,2,0,1,2,2,2,1.6,0,Bio-Centric
18,01885,-1,1,1,2,1,-1,2,-1,1.333333333,0,0,Bio-Centric,2,2,0,1,1,0,-1,0.666666667,0,1.5,Utilitarian,2,2,1,0,2,2,1,2,1.5,0.5,Bio-Centric,2,2,-1,0,1,1,2,-1,0,-1,1,2,2,1.25,1.6,-0.75,Stewardship
19,01865,-1,0,0,0,0,-1,1,-1,0.333333333,-0.5,-0.666666667,Bio-Centric,0,1,0,0,1,0,0,0,0,1,Utilitarian,0,2,-1,-1,0,-1,0,0.666666667,-1,-0.5,Bio-Centric,1,1,-1,1,1,2,2,-1,-1,-1,2,1,1,0.5,1.6,-0.5,Stewardship
20,01905,1,-1,-1,1,1,-1,-1,-99,-0.333333333,-50,0.333333333,Utilitarian,1,0,1,-1,1,0,-1,0.666666667,-1,0.5,Bio-Centric,1,1,0,0,0,-1,-1,0.666666667,-0.5,-0.5,Bio-Centric,1,1,0,-1,0,1,-1,-1,-1,1,0,1,-99,0.25,-19.6,-0.25,Bio-Centric
21,01918,-1,2,2,1,-1,-1,2,-1,1,0.5,-0.333333333,Bio-Centric,2,0,0,0,1,1,-1,1,-0.5,0.5,Bio-Centric,2,2,2,-1,2,2,0,2,2,-0.5,Bio-Centric,2,2,0,0,2,1,2,-1,2,0,2,1,2,1.75,1.8,-0.25,Stewardship
22,09609,-1,1,1,0,-1,-1,1,0,0.333333333,0.5,-0.666666667,Stewardship,2,-1,-1,2,0,-1,2,0,2,-0.5,Stewardship,1,1,1,-1,2,2,2,1.333333333,1.5,0.5,Stewardship,2,2,1,0,1,1,2,-1,1,-1,1,1,2,1.25,1.6,-0.25,Stewardship
23,09614,-1,1,2,0,-1,-1,2,-1,0.666666667,0.5,-0.666666667,Bio-Centric,1,1,-1,-1,1,2,0,0.666666667,-0.5,1,Utilitarian,1,1,0,0,1,0,-1,1,0,-0.5,Bio-Centric,2,2,-1,0,2,2,2,0,2,0,2,2,2,2,2,-0.25,Bio-Centric
24,10429,0,1,1,2,-1,0,1,0,0.333333333,0.5,0.666666667,Utilitarian,0,1,0,-1,1,2,-1,0.666666667,-1,1,Utilitarian,0,0,-1,0,2,1,2,0.666666667,0,1,Utilitarian,1,2,-1,0,1,2,2,0,2,0,2,2,2,1.5,2,-0.25,Stewardship
25,00483,-1,1,1,1,-1,-1,1,-1,0.333333333,0,-0.333333333,Bio-Centric,-1,1,1,-1,1,1,-1,0.333333333,-1,1,Utilitarian,1,1,1,1,1,-1,0,1,0,0.5,Bio-Centric,1,1,1,-1,1,1,1,-1,1,-1,1,1,1,1,1,-0.5,Bio-Centric
26,09610,-1,0,1,2,-1,-1,0,-1,-0.333333333,0,0,Stewardship,2,0,-1,2,1,0,-1,0.333333333,0.5,0.5,Stewardship,1,2,0,0,2,2,2,1.666666667,1,1,Bio-Centric,0,2,-1,1,1,2,2,0,-1,-1,2,0,2,0,2,-0.25,Stewardship
27,03491,-1,0,2,1,-1,-1,-1,0,-0.666666667,1,-0.333333333,Stewardship,2,-1,2,2,1,0,1,1.333333333,1.5,0,Stewardship,2,2,0,0,2,1,2,2,0.5,1,Bio-Centric,2,2,-1,-1,1,2,2,0,2,-1,2,2,2,1.75,2,-0.75,Stewardship
28,00490,-1,1,2,1,-1,-1,0,-1,0,0.5,-0.333333333,Stewardship,2,1,-1,2,1,0,1,0.333333333,1.5,1,Stewardship,2,1,1,0,1,2,2,1.333333333,1.5,1,Stewardship,2,2,0,1,2,2,2,-1,1,-1,2,2,2,1.75,2,-0.25,Stewardship
29,00488,-1,0,1,2,0,-1,0,-1,0,0,0,Bio-Centric,1,1,0,-1,1,0,0,0.333333333,-0.5,1,Utilitarian,1,2,0,-1,2,2,2,1.666666667,1,0.5,Bio-Centric,2,2,2,0,1,2,2,-1,2,-1,2,2,2,1.75,2,0,Stewardship
30,00013,-1,2,2,0,-1,0,2,0,1,1,-0.333333333,Bio-Centric,-1,2,2,0,0,2,-1,1,-0.5,1,Bio-Centric,2,2,2,2,2,2,2,2,2,2,Bio-Centric,2,2,2,0,2,2,2,-1,2,-1,2,2,2,2,2,0,Bio-Centric
31,01866,1,0,1,1,0,-1,0,-1,0,0,0.333333333,Utilitarian,1,0,-1,1,0,-1,1,-0.333333333,1,0,Stewardship,2,2,0,-1,2,1,1,2,0.5,0,Bio-Centric,1,1,-1,0,0,1,1,0,1,-1,1,0,1,0.5,1,-0.5,Stewardship
32,00016,2,-1,-1,2,2,2,-1,0,0,-0.5,2,Utilitarian,-1,0,0,-1,1,2,0,0.333333333,-0.5,0.5,Utilitarian,1,1,-1,1,1,0,-1,1,-0.5,0,Bio-Centric,1,1,1,1,1,1,2,0,1,-1,1,1,1,1,1.2,0.25,Stewardship
33,03495,1,-1,0,2,1,1,1,1,0.333333333,0.5,1.333333333,Utilitarian,1,1,1,-1,1,1,-1,1,-1,1,Bio-Centric,1,1,-1,1,1,1,1,1,0,1,Bio-Centric,2,2,-1,1,2,2,2,1,2,-1,2,2,2,2,2,0,Bio-Centric
34,01864,-1,1,1,1,-1,0,1,0,0.333333333,0.5,0,Stewardship,0,1,0,0,1,1,-1,0.333333333,-0.5,1,Utilitarian,2,2,0,1,1,1,1,1.666666667,0.5,1,Bio-Centric,2,2,0,1,1,2,2,0,1,-1,2,2,2,1.5,2,0,Stewardship
35,03522,0,1,2,1,-1,1,0,-1,0,0.5,0.666666667,Utilitarian,2,0,1,1,1,0,-1,1,0,0.5,Bio-Centric,1,1,-1,0,2,1,1,1.333333333,0,0.5,Bio-Centric,2,2,-1,1,0,0,1,0,0,0,1,1,2,0.75,1.2,0,Stewardship
37,00477,-1,0,1,2,-1,2,1,0,0,0.5,1,Utilitarian,2,-1,-1,2,1,0,2,0.333333333,2,0,Stewardship,1,2,-1,-1,1,2,2,1.333333333,0.5,0.5,Bio-Centric,2,2,-1,1,0,1,2,-1,0,-1,2,2,2,1,1.8,-0.5,Stewardship
38,01916,1,1,1,2,-1,1,1,-1,0.333333333,0,1.333333333,Utilitarian,1,1,1,-1,1,2,-1,1.333333333,-1,1,Bio-Centric,1,2,0,1,1,0,0,1.333333333,0,0.5,Bio-Centric,2,2,0,1,1,1,1,-1,1,-1,1,1,1,1.25,1.2,-0.25,Bio-Centric
39,03519,-1,0,1,1,0,-1,1,-1,0.333333333,0,-0.333333333,Bio-Centric,1,1,0,0,1,2,-1,1,-0.5,1,Bio-Centric,2,2,2,2,2,2,2,2,2,2,Bio-Centric,2,2,1,-1,2,2,2,-1,2,-1,2,2,2,2,2,-0.5,Bio-Centric
40,03511,-1,1,2,1,-1,-1,1,-1,0.333333333,0.5,-0.333333333,Stewardship,2,-1,-1,1,1,-1,-1,0,0,0,Bio-Centric,2,2,1,-1,2,1,1,2,1,0,Bio-Centric,2,2,0,-1,1,2,2,1,0,-1,2,1,2,1,2,-0.25,Stewardship
41,01924,-1,0,0,1,0,-1,1,-1,0.333333333,-0.5,-0.333333333,Bio-Centric,0,2,0,0,1,-1,-1,-0.333333333,-0.5,1.5,Utilitarian,2,2,0,0,1,0,1,1.666666667,0,0.5,Bio-Centric,2,2,1,0,1,1,1,-1,1,-1,1,1,1,1.25,1.2,-0.25,Bio-Centric
42,03513,-1,1,1,1,-1,-1,2,0,0.666666667,0.5,-0.333333333,Bio-Centric,1,2,-99,0,1,1,-1,-32.33333333,-0.5,1.5,Utilitarian,2,2,1,1,2,2,1,2,1.5,1,Bio-Centric,2,2,-1,-1,2,2,0,-99,1,-1,2,2,2,1.75,1.6,-25.5,Bio-Centric
43,01911,-1,0,1,1,-1,-1,2,-1,0.333333333,0,-0.333333333,Bio-Centric,2,0,-1,2,1,0,-1,0.333333333,0.5,0.5,Stewardship,2,2,2,0,2,1,2,2,1.5,1,Bio-Centric,2,2,-1,-1,2,2,1,-1,1,-1,1,2,2,1.75,1.6,-1,Bio-Centric
44,00073,-1,0,1,1,-1,-1,1,0,0,0.5,-0.333333333,Stewardship,0,1,-1,1,1,-1,1,-0.666666667,1,1,Stewardship,1,-1,-1,-1,0,1,1,0,0,0,Bio-Centric,2,2,0,0,1,2,2,-1,1,-1,2,2,2,1.5,2,-0.5,Stewardship
45,00496,-1,0,0,1,-1,-1,0,-1,-0.333333333,-0.5,-0.333333333,Bio-Centric,1,1,1,-1,1,1,-1,1,-1,1,Bio-Centric,2,2,1,2,2,0,2,2,0.5,2,Bio-Centric,1,2,0,0,1,2,1,-1,2,-1,1,2,2,1.5,1.6,-0.5,Stewardship
46,00527,-1,1,2,1,-1,0,2,-1,0.666666667,0.5,0,Bio-Centric,2,0,-1,2,-1,0,-1,0.333333333,0.5,-0.5,Stewardship,2,2,2,-1,2,2,0,2,2,-0.5,Bio-Centric,2,2,1,0,1,1,1,-1,1,-1,2,2,2,1.5,1.6,-0.25,Stewardship
47,00062,-1,0,0,1,0,-1,1,-1,0.333333333,-0.5,-0.333333333,Bio-Centric,1,1,0,0,0,0,1,0.333333333,0.5,0.5,Stewardship,2,2,-1,0,1,2,2,1.666666667,0.5,1,Bio-Centric,2,2,2,0,0,2,2,-1,2,-1,2,2,2,1.5,2,0,Stewardship
48,00574j,-1,1,1,1,-1,-1,1,-1,0.333333333,0,-0.333333333,Bio-Centric,2,1,0,0,1,1,-1,1,-0.5,1,Bio-Centric,2,2,1,0,2,2,2,2,1.5,1,Bio-Centric,2,2,-1,-1,2,2,1,-1,2,-1,2,2,2,2,1.8,-1,Bio-Centric
49,Openme!,-1,0,1,1,-1,0,1,-1,0,0,0,Bio-Centric,2,0,-1,1,1,0,2,0.333333333,1.5,0.5,Stewardship,2,2,1,-1,2,1,1,2,1,0,Bio-Centric,2,2,0,0,1,2,2,0,1,0,1,1,1,1.25,1.6,0,Stewardship
50,00543,-1,1,1,2,-1,-1,0,-1,0,0,0,Bio-Centric,2,2,0,2,1,0,-1,0.666666667,0.5,1.5,Utilitarian,2,2,1,0,2,1,2,2,1,1,Bio-Centric,1,2,-1,0,1,2,1,-1,1,-1,1,1,2,1,1.6,-0.75,Stewardship
51,00065,-1,1,1,2,-1,-1,1,-1,0.333333333,0,0,Bio-Centric,-1,1,1,-1,1,1,2,0.333333333,0.5,1,Utilitarian,-1,1,-1,-1,0,0,2,0,-0.5,0.5,Utilitarian,1,2,1,1,1,2,1,-1,2,-1,1,1,1,1.25,1.4,0,Stewardship
52,00517,0,0,1,1,0,1,0,1,0,1,0.666666667,Stewardship,1,1,0,0,1,1,-1,0.666666667,-0.5,1,Utilitarian,2,1,-1,0,2,1,1,1.666666667,0,0.5,Bio-Centric,2,1,0,0,1,1,1,0,0,0,1,1,2,1,1.2,0,Stewardship
53,Openme!,0,0,1,0,-1,1,1,-1,0,0,0.333333333,Utilitarian,0,0,-1,1,1,0,0,-0.333333333,0.5,0.5,Stewardship,-1,1,-1,-1,1,-1,1,0.333333333,-1,0,Bio-Centric,1,1,0,1,1,1,1,0,1,-1,1,1,1,1,1,0,Bio-Centric
54,00535,0,0,1,1,-1,-1,1,-1,0,0,0,Bio-Centric,-1,1,0,-1,1,1,-1,0,-1,1,Utilitarian,2,2,1,1,2,2,1,2,1.5,1,Bio-Centric,2,2,2,-1,2,2,2,0,2,-1,2,2,2,2,2,0,Bio-Centric
55,00059,-1,0,2,2,-1,-1,0,-1,-0.333333333,0.5,0,Stewardship,2,-1,-1,2,1,0,-1,0.333333333,0.5,0,Stewardship,1,0,-1,-1,2,0,0,1,-0.5,-0.5,Bio-Centric,2,2,-1,0,1,1,2,-1,2,-1,2,2,2,1.75,1.8,-0.75,Stewardship
56,00501,1,-1,-1,1,1,1,0,-1,0,-1,1,Utilitarian,-1,1,0,-1,1,1,-1,0,-1,1,Utilitarian,-1,1,-1,0,1,-1,-1,0.333333333,-1,-0.5,Bio-Centric,1,1,0,1,1,1,1,-1,0,0,1,1,1,0.75,1,0,Stewardship
57,00056,2,1,0,-1,0,2,-1,2,0,1,1,Stewardship,2,0,-1,2,-1,-1,-1,0,0.5,-0.5,Stewardship,-1,2,-1,-1,-1,1,2,0,0,0.5,Utilitarian,-1,-1,0,2,-1,2,2,0,2,-1,2,2,2,0.5,1.4,0.25,Stewardship
58,00060,-1,0,1,-1,-1,-1,0,-1,-0.333333333,0,-1,Stewardship,-1,1,0,0,1,0,-1,-0.333333333,-0.5,1,Utilitarian,0,1,0,0,1,0,2,0.666666667,0,1,Utilitarian,2,2,-1,-1,2,2,2,-1,2,-1,1,1,2,1.75,1.8,-1,Stewardship
59,00043,-1,1,2,-1,-1,-1,1,-1,0.333333333,0.5,-1,Stewardship,2,0,-1,2,1,-1,-1,0,0.5,0.5,Stewardship,2,-1,1,-1,2,1,0,1,1,-0.5,Bio-Centric,2,2,-1,-1,2,2,1,0,1,-1,1,1,2,1.5,1.6,-0.75,Stewardship
60,03509,-1,2,2,1,-1,-1,2,-1,1,0.5,-0.333333333,Bio-Centric,2,1,1,1,1,1,-1,1.333333333,0,1,Bio-Centric,2,2,2,0,2,2,2,2,2,1,Bio-Centric,2,2,-1,0,2,2,2,0,2,-1,2,2,2,2,2,-0.5,Bio-Centric
61,03510,-1,1,1,0,-1,-1,1,0,0.333333333,0.5,-0.666666667,Stewardship,2,1,0,0,1,0,-1,0.666666667,-0.5,1,Utilitarian,2,2,1,-1,2,2,1,2,1.5,0,Bio-Centric,2,2,-1,0,2,2,2,-1,2,-1,1,2,2,2,1.8,-0.75,Bio-Centric
62,00080,-1,-1,1,2,-1,-1,-1,1,-1,1,0,Stewardship,-1,1,1,-1,1,1,-1,0.333333333,-1,1,Utilitarian,1,1,-1,1,1,-1,1,1,-1,1,Bio-Centric,2,1,-1,1,1,1,1,-1,1,-1,1,1,1,1.25,1,-0.5,Bio-Centric
63,01947,-1,2,2,1,-1,-1,2,-1,1,0.5,-0.333333333,Bio-Centric,1,0,0,0,1,2,-1,1,-0.5,0.5,Bio-Centric,2,2,0,0,2,1,0,2,0.5,0,Bio-Centric,2,2,-1,-1,2,2,2,-1,2,0,2,2,2,2,2,-0.75,Bio-Centric
64,08045,-1,0,2,0,-1,-1,1,0,0,1,-0.666666667,Stewardship,1,1,0,0,1,-1,0,0,0,1,Utilitarian,2,1,1,0,2,2,1,1.666666667,1.5,0.5,Bio-Centric,2,2,0,-1,2,2,1,2,2,0,2,2,2,2,1.8,0.25,Bio-Centric
65,1948,1,1,1,1,-1,0,0,-1,0,0,0.666666667,Utilitarian,1,1,1,0,1,1,0,1,0,1,Bio-Centric,2,2,-1,0,2,2,2,2,0.5,1,Bio-Centric,1,2,0,-1,1,0,1,1,1,-1,1,0,1,0.75,1,-0.25,Stewardship
66,08046,-1,1,1,1,-1,-99,-1,0,-0.333333333,0.5,-33,Stewardship,-1,1,1,0,1,1,0,0.333333333,0,1,Utilitarian,2,2,1,1,1,0,0,1.666666667,0.5,0.5,Bio-Centric,2,2,2,1,2,2,2,-1,2,-1,1,2,2,2,1.8,0.25,Bio-Centric
67,00996,-1,1,2,2,-1,-1,1,-1,0.333333333,0.5,0,Stewardship,0,1,0,-1,1,1,-1,0.333333333,-1,1,Utilitarian,2,1,0,1,1,0,-1,1.333333333,0,0,Bio-Centric,2,2,0,1,1,2,2,-1,2,-1,2,2,2,1.75,2,-0.25,Stewardship
68,02634,-1,2,2,1,-1,-1,1,1,0.666666667,1.5,-0.333333333,Stewardship,2,-1,-1,1,1,-1,0,0,0.5,0,Stewardship,2,2,1,-1,2,1,0,2,1,-0.5,Bio-Centric,2,2,-1,-1,1,1,1,0,1,-1,1,0,1,1,1.2,-0.75,Stewardship
69,00551,-1,0,1,2,0,1,1,-1,0.333333333,0,0.666666667,Utilitarian,1,2,2,1,1,1,-1,1.333333333,0,1.5,Utilitarian,2,2,-1,0,2,2,1,2,0.5,0.5,Bio-Centric,2,2,-1,-1,2,2,2,0,2,-1,1,1,2,1.75,1.8,-0.75,Stewardship
70,01942,-1,1,2,1,-1,-1,1,-1,0.333333333,0.5,-0.333333333,Stewardship,2,0,-1,1,1,2,-1,1,0,0.5,Bio-Centric,2,1,1,1,2,2,0,1.666666667,1.5,0.5,Bio-Centric,2,2,-1,-1,2,0,1,1,0,0,2,2,2,1.5,1.4,-0.25,Bio-Centric
71,08076,-1,1,2,1,-1,-1,2,-1,0.666666667,0.5,-0.333333333,Bio-Centric,2,0,1,0,1,1,2,1.333333333,1,0.5,Bio-Centric,2,2,2,0,2,2,2,2,2,1,Bio-Centric,2,2,0,0,2,1,1,0,2,0,1,2,2,2,1.4,0,Bio-Centric
72,OPEN ME!,-1,2,2,1,-1,-1,2,-1,1,0.5,-0.333333333,Bio-Centric,-1,2,1,-1,1,0,-1,0,-1,1.5,Utilitarian,2,2,1,0,1,2,1,1.666666667,1.5,0.5,Bio-Centric,2,2,-1,-1,2,2,2,-1,2,-1,2,2,2,2,2,-1,Bio-Centric
73,03515,-1,2,2,1,-1,0,1,0,0.666666667,1,0,Stewardship,2,0,0,0,1,0,-1,0.666666667,-0.5,0.5,Bio-Centric,2,2,2,0,2,1,0,2,1.5,0,Bio-Centric,2,2,-1,0,1,1,1,0,1,-1,2,1,2,1.25,1.6,-0.5,Stewardship
74,01930,-1,0,1,1,-1,0,1,-1,0,0,0,Bio-Centric,2,1,1,1,1,0,-1,1,0,1,Bio-Centric,1,1,1,0,1,1,1,1,1,0.5,Bio-Centric,1,1,-1,-1,1,0,1,-1,1,0,1,1,2,1,1,-0.75,Bio-Centric
75,03486,-1,2,2,0,-1,1,2,-1,1,0.5,0,Bio-Centric,2,0,0,0,1,0,2,0.666666667,1,0.5,Stewardship,2,2,1,-1,2,2,2,2,1.5,0.5,Bio-Centric,2,2,-1,-1,2,1,2,0,2,0,2,2,2,2,1.8,-0.5,Bio-Centric
76,05884,-1,1,1,1,-1,0,0,-1,0,0,0,Bio-Centric,0,1,2,-1,1,0,-1,0.666666667,-1,1,Utilitarian,1,2,0,0,1,1,0,1.333333333,0.5,0,Bio-Centric,2,2,-1,0,1,1,1,0,1,0,2,2,2,1.5,1.6,-0.25,Stewardship
77,03553,-1,0,0,1,-1,-1,1,-1,0,-0.5,-0.333333333,Bio-Centric,2,1,0,1,1,1,-1,1,0,1,Bio-Centric,2,2,-1,-1,2,1,1,2,0,0,Bio-Centric,2,2,-1,-1,2,1,1,-1,2,-1,1,2,2,2,1.4,-1,Bio-Centric
78,03558,-1,0,1,0,-1,1,1,-1,0,0,0,Bio-Centric,0,0,0,0,1,1,-1,0.333333333,-0.5,0.5,Utilitarian,1,1,-1,0,2,2,1,1.333333333,0.5,0.5,Bio-Centric,2,2,1,0,0,2,2,-1,2,-1,2,2,2,1.5,2,-0.25,Stewardship
79,05921,-1,1,2,1,-1,-1,2,-1,0.666666667,0.5,-0.333333333,Bio-Centric,2,0,0,0,1,1,2,1,1,0.5,Bio-Centric,2,2,0,0,2,2,1,2,1,0.5,Bio-Centric,2,2,2,1,1,2,2,0,1,-1,2,2,2,1.5,2,0.5,Stewardship
80,03558,-1,0,0,1,0,0,0,1,0,0.5,0,Stewardship,0,0,0,1,1,0,0,0,0.5,0.5,Stewardship,1,1,-1,-1,1,1,1,1,0,0,Bio-Centric,1,1,0,0,1,0,0,0,0,0,1,1,1,0.75,0.6,0,Bio-Centric
81,05852,-1,0,1,1,-1,-1,0,1,-0.333333333,1,-0.333333333,Stewardship,2,0,-1,2,0,-1,1,0,1.5,0,Stewardship,1,1,0,2,1,1,1,1,0.5,1.5,Utilitarian,2,2,-1,0,1,1,2,1,0,0,1,1,1,1,1.4,0,Stewardship
82,05929,-1,1,1,1,-1,1,1,2,0.333333333,1.5,0.333333333,Stewardship,2,-1,-1,2,1,-1,2,0,2,0,Stewardship,1,1,-1,-1,2,-1,-1,1.333333333,-1,-1,Bio-Centric,2,2,2,-1,1,1,1,0,2,0,-99,2,2,1.75,-18.6,0.25,Bio-Centric
83,05465,-1,0,1,1,-1,0,1,-1,0,0,0,Bio-Centric,1,1,1,-1,1,0,-1,0.666666667,-1,1,Utilitarian,2,1,0,1,1,0,0,1.333333333,0,0.5,Bio-Centric,2,2,-1,-1,2,2,2,-1,2,-1,2,2,2,2,2,-1,Bio-Centric
84,05934,-1,0,1,0,-1,-1,2,-1,0.333333333,0,-0.666666667,Bio-Centric,1,1,0,1,1,2,-1,1,0,1,Bio-Centric,1,2,1,0,1,0,-1,1.333333333,0.5,-0.5,Bio-Centric,1,1,-1,0,1,2,2,-1,1,-1,1,2,2,1.25,1.6,-0.75,Stewardship
85,02630,-1,-1,-1,2,1,-1,0,-1,0,-1,0,Bio-Centric,-1,1,-1,-1,1,-1,-1,-1,-1,1,Utilitarian,1,1,-1,-1,-1,1,1,0.333333333,0,0,Bio-Centric,0,0,0,1,1,1,0,-1,0,-1,1,1,1,0.5,0.6,-0.25,Stewardship
86,01570,-1,1,2,1,-1,-1,0,2,0,2,-0.333333333,Stewardship,1,1,-1,1,1,-1,2,-0.333333333,1.5,1,Stewardship,1,1,2,-1,0,1,1,0.666666667,1.5,0,Stewardship,1,1,1,1,1,1,1,-1,1,-1,1,1,1,1,1,0,Bio-Centric
87,08074,-1,-1,2,1,-1,-1,2,-1,0,0.5,-0.333333333,Stewardship,-1,1,1,1,1,1,-1,0.333333333,0,1,Utilitarian,2,2,2,2,1,1,1,1.666666667,1.5,1.5,Bio-Centric,2,2,0,0,2,2,1,-1,2,-1,2,2,2,2,1.8,-0.5,Bio-Centric
88,05926,1,0,1,1,-1,-1,1,0,0,0.5,0.333333333,Stewardship,-1,1,1,-1,1,1,-1,0.333333333,-1,1,Utilitarian,1,1,1,1,1,1,1,1,1,1,Bio-Centric,1,1,-1,1,0,1,1,-1,1,-1,1,1,1,0.75,1,-0.5,Stewardship
89,05933,-1,0,2,1,-1,-1,2,0,0.333333333,1,-0.333333333,Stewardship,2,1,0,2,1,1,2,1,2,1,Stewardship,2,2,2,1,2,0,1,2,1,1,Bio-Centric,2,2,-1,-1,2,2,1,1,2,-1,2,2,2,2,1.8,-0.5,Bio-Centric
90,05898,-1,0,1,1,-1,1,1,-1,0,0,0.333333333,Utilitarian,0,2,1,-1,1,2,-1,1,-1,1.5,Utilitarian,2,2,1,2,2,1,1,2,1,1.5,Bio-Centric,2,2,1,1,1,2,2,-1,0,0,2,2,2,1.25,2,0.25,Stewardship
91,05867,1,-1,0,1,-1,0,0,-1,-0.666666667,-0.5,0.666666667,Utilitarian,1,1,1,1,1,1,-1,1,0,1,Bio-Centric,1,1,0,1,1,0,1,1,0,1,Bio-Centric,1,1,-1,1,0,0,2,-1,0,0,2,0,-1,0.25,0.8,-0.25,Stewardship
92,05871,-1,0,2,2,-1,0,1,2,0,2,0.333333333,Stewardship,0,2,1,-1,1,2,-1,1,-1,1.5,Utilitarian,2,2,-1,1,2,1,0,2,0,0.5,Bio-Centric,2,2,1,2,2,2,2,-1,2,-1,2,2,2,2,2,0.25,Bio-Centric
93,05897,-1,0,1,0,-1,-1,2,-1,0.333333333,0,-0.666666667,Bio-Centric,0,1,-1,-1,1,0,-1,-0.333333333,-1,1,Utilitarian,1,-1,1,0,1,2,0,0.333333333,1.5,0,Stewardship,2,1,1,0,1,1,1,-1,2,-1,1,2,2,1.75,1.2,-0.25,Bio-Centric
94,03552,-1,0,1,-1,-1,-1,1,0,0,0.5,-1,Stewardship,1,1,0,0,1,1,0,0.666666667,0,1,Utilitarian,1,1,0,1,1,1,1,1,0.5,1,Bio-Centric,1,1,-1,-1,1,0,1,-1,1,-1,1,1,1,1,0.8,-1,Bio-Centric
95,00034,-1,1,2,1,-1,-1,2,-1,0.666666667,0.5,-0.333333333,Bio-Centric,1,1,0,0,1,1,-1,0.666666667,-0.5,1,Utilitarian,2,2,1,0,2,2,1,2,1.5,0.5,Bio-Centric,2,0,0,-1,2,2,1,-1,1,-1,2,2,2,1.75,1.4,-0.75,Bio-Centric
96,00052,0,0,1,1,-1,0,0,1,-0.333333333,1,0.333333333,Stewardship,0,1,0,0,1,-1,2,-0.333333333,1,1,Stewardship,-1,0,-1,2,1,1,2,0,0,2,Utilitarian,0,1,0,1,0,1,1,0,0,0,0,1,1,0.25,0.8,0.25,Stewardship
97,00502,0,0,1,1,-1,-1,-1,-1,-0.666666667,0,0,Stewardship,1,1,1,0,1,-1,-1,0.333333333,-0.5,1,Utilitarian,1,1,-1,0,0,1,1,0.666666667,0,0.5,Bio-Centric,1,1,0,1,1,1,1,-1,1,-1,1,1,1,1,1,-0.25,Bio-Centric
98,00079,-1,0,0,2,0,0,1,-1,0.333333333,-0.5,0.333333333,Bio-Centric,2,1,-1,-1,-1,-1,2,0,0.5,0,Stewardship,2,2,0,-1,-1,2,2,1,1,0.5,Bio-Centric,2,2,0,-1,0,1,1,1,1,0,1,1,2,1,1.4,0,Stewardship
99,00045,-1,1,1,1,-1,-1,1,0,0.333333333,0.5,-0.333333333,Stewardship,1,0,-1,1,1,0,-1,0,0,0.5,Utilitarian,1,1,-1,-1,1,1,1,1,0,0,Bio-Centric,1,1,1,1,0,1,1,-1,1,-1,1,1,1,0.75,1,0,Stewardship
100,000565,-1,0,1,1,-1,0,1,0,0,0.5,0,Stewardship,1,2,1,-1,1,1,-1,1,-1,1.5,Utilitarian,1,2,0,1,2,2,2,1.666666667,1,1.5,Bio-Centric,2,2,0,0,1,2,2,-1,2,-1,2,2,2,1.75,2,-0.5,Stewardship
101,00503,-1,0,1,0,-1,0,1,1,0,1,-0.333333333,Stewardship,-1,1,0,0,1,0,1,-0.333333333,0.5,1,Utilitarian,2,2,1,0,0,1,2,1.333333333,1,1,Bio-Centric,2,2,0,0,1,1,1,-1,1,0,1,2,2,1.5,1.4,-0.25,Bio-Centric
102,00039,-1,1,1,-1,-1,-1,2,-1,0.666666667,0,-1,Bio-Centric,2,-1,-1,2,1,-1,2,0,2,0,Stewardship,2,0,2,-1,2,2,2,1.333333333,2,0.5,Stewardship,-99,-99,-99,-99,-99,-99,-99,-99,-99,-99,-99,-99,-99,-99,-99,-99,Bio-Centric
103,05864,-1,1,1,1,-1,1,0,0,0,0.5,0.333333333,Stewardship,1,1,0,0,1,0,1,0.333333333,0.5,1,Utilitarian,1,1,-1,-1,1,1,1,1,0,0,Bio-Centric,1,1,-1,-1,1,1,2,-1,0,0,1,1,1,0.75,1.2,-0.75,Stewardship
104,05888,-1,0,2,0,-1,-1,2,-1,0.333333333,0.5,-0.666666667,Stewardship,2,0,-1,1,1,1,0,0.666666667,0.5,0.5,Bio-Centric,2,1,1,-1,2,1,2,1.666666667,1,0.5,Bio-Centric,2,2,-1,-1,1,1,2,-1,1,0,2,2,2,1.5,1.8,-0.75,Stewardship
105,05882,-1,1,1,0,-1,-1,2,-1,0.666666667,0,-0.666666667,Bio-Centric,2,-1,0,1,1,1,-1,1,0,0,Bio-Centric,2,2,1,1,2,1,2,2,1,1.5,Bio-Centric,2,2,-1,-1,1,1,1,-1,1,0,2,1,2,1.25,1.6,-0.75,Stewardship
106,07346,-1,-1,0,1,0,-1,1,-1,0,-0.5,-0.333333333,Bio-Centric,2,-1,-1,1,1,0,0,0.333333333,0.5,0,Stewardship,1,-1,0,-1,1,0,0,0.333333333,0,-0.5,Bio-Centric,2,2,1,1,1,2,2,-1,2,-1,1,2,2,1.75,1.8,0,Stewardship
107,02632,-1,1,1,0,-1,-1,1,-1,0.333333333,0,-0.666666667,Bio-Centric,2,1,0,1,1,-1,0,0.333333333,0.5,1,Utilitarian,2,2,1,-1,2,1,1,2,1,0,Bio-Centric,1,2,-1,0,1,1,1,1,1,-1,1,1,2,1,1.4,-0.25,Stewardship
108,00061,0,1,1,2,-1,-1,1,0,0.333333333,0.5,0.333333333,Stewardship,-1,1,0,1,1,1,0,0,0.5,1,Utilitarian,2,0,-1,0,0,1,1,0.666666667,0,0.5,Bio-Centric,1,0,1,0,0,1,1,-1,1,-1,1,1,1,0.75,0.8,-0.25,Stewardship
109,00570,-1,0,1,2,-1,-1,0,-1,-0.333333333,0,0,Stewardship,1,1,0,-1,1,1,-1,0.666666667,-1,1,Utilitarian,2,2,-1,1,0,1,2,1.333333333,0,1.5,Utilitarian,2,2,0,1,1,1,2,-1,1,-1,2,0,1,1,1.6,-0.25,Stewardship
110,00547,-1,1,1,2,-1,-1,1,0,0.333333333,0.5,0,Stewardship,2,1,1,1,1,1,-1,1.333333333,0,1,Bio-Centric,2,2,1,1,2,2,2,2,1.5,1.5,Bio-Centric,2,2,-1,-1,1,2,2,-1,2,-1,2,2,2,1.75,2,-1,Stewardship
111,00550,0,0,1,1,-1,-1,0,-1,-0.333333333,0,0,Stewardship,2,-1,-1,1,1,0,-1,0.333333333,0,0,Bio-Centric,2,2,0,-1,2,1,1,2,0.5,0,Bio-Centric,1,1,0,0,1,1,1,0,0,-1,1,1,2,0.75,1.2,-0.25,Stewardship
112,00085,2,-1,-1,2,2,2,-1,2,0,0.5,2,Utilitarian,2,2,1,-1,1,0,-1,1,-1,1.5,Utilitarian,2,2,-1,0,2,2,2,2,0.5,1,Bio-Centric,2,2,0,1,0,1,2,-1,2,-1,2,2,2,1.5,1.8,-0.25,Stewardship
113,00525,-1,2,2,0,-1,-1,2,1,1,1.5,-0.666666667,Stewardship,1,2,2,0,1,1,-1,1.333333333,-0.5,1.5,Utilitarian,2,2,1,0,2,2,2,2,1.5,1,Bio-Centric,2,2,-1,-1,2,2,1,2,2,2,2,2,2,2,1.8,0.5,Bio-Centric
114,01007,-1,0,1,1,-1,-1,0,-1,-0.333333333,0,-0.333333333,Stewardship,-1,1,1,-1,1,1,-1,0.333333333,-1,1,Utilitarian,1,1,0,1,1,1,1,1,0.5,1,Bio-Centric,1,1,1,1,1,1,1,0,1,-1,1,1,1,1,1,0.25,Bio-Centric
115,07338,2,-1,0,2,1,2,-1,1,-0.333333333,0.5,2,Utilitarian,0,1,2,0,1,1,0,1,0,1,Bio-Centric,-1,2,-1,0,-1,-1,2,0,-1,1,Utilitarian,0,0,0,1,0,1,0,0,-1,0,1,1,0,0,0.4,0.25,Stewardship
116,05912,-1,0,2,1,-1,1,1,-1,0,0.5,0.333333333,Stewardship,1,1,-1,1,1,-1,-1,-0.333333333,0,1,Utilitarian,2,2,1,-1,2,2,2,2,1.5,0.5,Bio-Centric,2,2,-1,-1,2,2,1,-1,2,-1,1,2,2,2,1.6,-1,Bio-Centric
117,05880,-1,1,2,0,-1,-1,0,-1,0,0.5,-0.666666667,Stewardship,0,0,1,0,1,0,-1,0.333333333,-0.5,0.5,Utilitarian,0,1,0,0,2,1,1,1,0.5,0.5,Bio-Centric,-1,-1,-99,0,0,2,2,0,0,-1,2,2,2,0.25,1.4,-25,Stewardship
118,03574,-1,1,2,1,-1,-1,2,0,0.666666667,1,-0.333333333,Stewardship,1,1,2,-1,1,2,0,1.666666667,-0.5,1,Bio-Centric,2,2,2,2,2,2,1,2,2,1.5,Bio-Centric,2,2,-1,0,2,2,2,-1,2,-1,2,2,2,2,2,-0.75,Bio-Centric
119,05909,-1,0,1,1,-1,-1,0,-1,-0.333333333,0,-0.333333333,Stewardship,1,0,0,1,1,1,-1,0.666666667,0,0.5,Bio-Centric,1,1,0,1,1,0,1,1,0,1,Bio-Centric,1,1,-1,0,0,1,1,1,1,0,1,1,1,0.75,1,0,Stewardship
120,07352,-1,1,1,1,-1,-1,1,1,0.333333333,1,-0.333333333,Stewardship,1,1,1,0,1,1,0,1,0,1,Bio-Centric,2,2,0,1,2,2,2,2,1,1.5,Bio-Centric,2,2,0,0,1,2,2,0,1,-1,1,2,2,1.5,1.8,-0.25,Stewardship
121,05859,-1,1,1,1,-1,-1,1,0,0.333333333,0.5,-0.333333333,Stewardship,1,1,1,0,1,0,-1,0.666666667,-0.5,1,Utilitarian,1,2,0,0,2,2,1,1.666666667,1,0.5,Bio-Centric,2,2,0,1,1,1,1,0,1,-1,1,1,2,1.25,1.4,0,Stewardship
122,01931,-1,0,1,1,-1,-1,1,-1,0,0,-0.333333333,Bio-Centric,2,1,0,0,1,1,-1,1,-0.5,1,Bio-Centric,1,2,1,-1,1,1,1,1.333333333,1,0,Bio-Centric,1,1,-1,-1,1,1,1,-1,-1,-1,1,1,1,0.5,1,-1,Stewardship
123,09671,-1,1,2,1,-1,-1,1,0,0.333333333,1,-0.333333333,Stewardship,-1,1,0,1,1,0,0,-0.333333333,0.5,1,Utilitarian,1,0,0,-1,1,0,0,0.666666667,0,-0.5,Bio-Centric,2,1,1,-1,1,1,1,-1,-1,-1,2,2,2,1,1.4,-0.5,Stewardship
124,03582!,0,0,1,1,0,2,1,-1,0.333333333,0,1,Utilitarian,1,2,1,-1,0,-1,2,0.333333333,0.5,1,Utilitarian,2,2,-1,-1,2,2,2,2,0.5,0.5,Bio-Centric,2,2,-1,-1,1,1,2,-1,0,0,1,1,2,1,1.6,-0.75,Stewardship
125,05887,-1,0,0,0,0,-1,2,-1,0.666666667,-0.5,-0.666666667,Bio-Centric,1,1,0,0,1,1,-1,0.666666667,-0.5,1,Utilitarian,1,1,1,0,1,1,0,1,1,0,Bio-Centric,2,2,0,-1,1,2,1,0,0,0,1,2,2,1.25,1.6,-0.25,Stewardship
126,03543,-1,1,2,0,-1,-1,2,-1,0.666666667,0.5,-0.666666667,Bio-Centric,1,0,1,-1,1,1,1,1,0,0.5,Bio-Centric,2,2,2,1,-1,2,0,1,2,0.5,Stewardship,2,2,-1,-1,1,2,1,-1,1,-1,2,2,2,1.5,1.8,-1,Stewardship
127,09672,0,1,1,1,-1,0,1,-1,0.333333333,0,0.333333333,Bio-Centric,1,2,1,1,0,0,0,0.666666667,0.5,1,Utilitarian,2,1,0,0,1,2,2,1.333333333,1,1,Bio-Centric,2,2,2,1,2,2,1,-1,1,-1,2,2,1,1.75,1.6,0.25,Bio-Centric
128,05868,-1,0,1,1,-1,-1,1,-1,0,0,-0.333333333,Bio-Centric,2,1,2,2,1,0,-1,1.333333333,0.5,1,Bio-Centric,2,2,0,0,2,2,2,2,1,1,Bio-Centric,2,2,-1,0,1,1,1,0,0,-1,1,2,2,1.25,1.4,-0.5,Stewardship
129,04899,-1,1,1,1,-1,-1,1,-1,0.333333333,0,-0.333333333,Bio-Centric,2,1,-1,1,1,-1,-1,0,0,1,Utilitarian,1,2,0,-1,1,0,0,1.333333333,0,-0.5,Bio-Centric,2,2,-1,-1,1,2,1,-1,1,-1,1,1,2,1.25,1.6,-1,Stewardship
130,03555,-1,-1,0,1,-1,1,-1,-1,-1,-0.5,0.333333333,Utilitarian,1,-1,-1,1,1,-1,-1,-0.333333333,0,0,Stewardship,1,2,-1,0,2,2,1,1.666666667,0.5,0.5,Bio-Centric,1,1,-1,0,1,1,1,0,-1,1,1,0,1,0.25,1,0,Stewardship
131,64877,2,2,2,2,-1,2,2,-1,1,0.5,2,Utilitarian,2,0,-1,2,0,0,-1,0.333333333,0.5,0,Stewardship,2,2,2,-1,1,1,2,1.666666667,1.5,0.5,Bio-Centric,2,2,0,0,2,2,2,-1,0,-1,2,2,2,1.5,2,-0.5,Stewardship
132,07367,0,0,1,-1,0,1,1,-1,0.333333333,0,0,Bio-Centric,-1,1,0,-1,1,1,-1,0,-1,1,Utilitarian,1,1,-1,1,1,-1,-1,1,-1,0,Bio-Centric,2,2,-1,0,1,2,1,-1,1,-1,2,1,2,1.25,1.8,-0.75,Stewardship
133,04904,-1,0,1,0,-1,-1,1,-1,0,0,-0.666666667,Bio-Centric,1,-1,0,1,1,0,0,0.333333333,0.5,0,Stewardship,0,1,0,0,1,0,1,0.666666667,0,0.5,Bio-Centric,0,1,-1,-1,1,1,1,-1,-1,1,1,1,1,0.25,1,-0.5,Stewardship
134,05853,0,-1,-1,2,0,-1,0,-1,-0.333333333,-1,0.333333333,Utilitarian,2,-1,-1,2,1,-1,1,0,1.5,0,Stewardship,2,1,0,-1,1,1,1,1.333333333,0.5,0,Bio-Centric,0,0,-1,1,0,0,1,0,-1,1,1,0,0,-0.25,0.4,0.25,Stewardship
135,01872,-1,-1,1,0,-1,-1,0,-1,-0.666666667,0,-0.666666667,Stewardship,0,1,1,0,1,0,-1,0.333333333,-0.5,1,Utilitarian,1,2,0,0,1,1,2,1.333333333,0.5,1,Bio-Centric,2,2,0,0,1,1,2,-1,1,-1,2,2,2,1.5,1.8,-0.5,Stewardship
136,01894,-1,0,2,0,-1,-1,2,-1,0.333333333,0.5,-0.666666667,Stewardship,0,0,-1,2,1,-1,-1,-0.666666667,0.5,0.5,Stewardship,2,2,2,-1,2,0,-1,2,1,-1,Bio-Centric,2,2,-1,-1,2,2,2,-1,2,-1,2,2,2,2,2,-1,Bio-Centric
137,01877,-1,0,1,1,-1,0,-1,-1,-0.666666667,0,0,Stewardship,1,0,0,1,1,0,-1,0.333333333,0,0.5,Utilitarian,1,0,-1,0,1,0,0,0.666666667,-0.5,0,Bio-Centric,1,1,-1,1,1,1,1,0,0,-1,1,1,1,0.75,1,-0.25,Stewardship
138,09672,0,1,1,1,-1,0,1,-1,0.333333333,0,0.333333333,Bio-Centric,1,2,1,1,0,1,0,1,0.5,1,Bio-Centric,2,1,1,0,1,2,2,1.333333333,1.5,1,Stewardship,2,2,2,2,2,2,2,-1,2,-1,2,2,2,2,2,0.5,Bio-Centric
139,10488,-1,-1,1,1,-1,-1,1,0,-0.333333333,0.5,-0.333333333,Stewardship,2,1,-1,2,1,-1,2,0,2,1,Stewardship,2,2,2,-1,-1,0,2,1,1,0.5,Bio-Centric,2,2,2,2,2,2,2,-1,2,-1,2,2,2,2,2,0.5,Bio-Centric
140,10425,-1,1,2,1,-1,-1,2,0,0.666666667,1,-0.333333333,Stewardship,1,1,1,-1,1,2,-1,1.333333333,-1,1,Bio-Centric,2,2,0,2,2,2,1,2,1,1.5,Bio-Centric,2,2,2,0,2,2,2,-1,2,-1,2,2,2,2,2,0,Bio-Centric
141,10490,-1,0,0,-1,0,-1,2,0,0.666666667,0,-1,Bio-Centric,0,2,1,0,1,0,-1,0.333333333,-0.5,1.5,Utilitarian,2,2,0,0,0,1,2,1.333333333,0.5,1,Bio-Centric,2,2,0,0,2,2,2,0,2,-1,2,2,2,2,2,-0.25,Bio-Centric
142,10447,-1,2,2,0,-1,-1,2,-1,1,0.5,-0.666666667,Bio-Centric,-1,1,1,-1,1,2,-1,0.666666667,-1,1,Utilitarian,2,1,1,1,2,1,2,1.666666667,1,1.5,Bio-Centric,2,2,-1,-1,2,1,1,1,1,0,1,2,2,1.75,1.4,-0.25,Bio-Centric
143,10485,0,1,1,1,-1,-1,0,0,0,0.5,0,Stewardship,0,1,0,0,1,-1,2,-0.333333333,1,1,Stewardship,2,2,0,-1,0,0,1,1.333333333,0,0,Bio-Centric,2,2,0,0,1,1,1,-1,1,-1,1,1,1,1.25,1.2,-0.5,Bio-Centric
144,07311,-1,1,2,2,-1,0,1,-1,0.333333333,0.5,0.333333333,Stewardship,1,1,1,1,1,2,-1,1.333333333,0,1,Bio-Centric,2,2,0,2,2,1,1,2,0.5,1.5,Bio-Centric,2,2,0,1,1,2,2,0,2,-1,1,2,2,1.75,1.8,0,Stewardship
145,10481,-1,0,1,-1,-1,-1,2,0,0.333333333,0.5,-1,Stewardship,0,1,0,1,1,1,0,0.333333333,0.5,1,Utilitarian,1,-1,0,0,2,1,0,0.666666667,0.5,0,Bio-Centric,2,2,0,0,1,1,1,0,1,0,1,1,2,1.25,1.4,0,Stewardship
146,10479,-1,2,2,1,-1,-1,2,-1,1,0.5,-0.333333333,Bio-Centric,1,2,2,-1,1,2,-1,1.666666667,-1,1.5,Bio-Centric,2,2,-1,1,-1,-1,0,1,-1,0.5,Bio-Centric,2,2,2,1,2,2,1,-1,1,-1,1,2,2,1.75,1.6,0.25,Bio-Centric
147,04827,-1,1,1,1,-1,-1,2,-1,0.666666667,0,-0.333333333,Bio-Centric,2,0,-1,1,1,1,-1,0.666666667,0,0.5,Bio-Centric,2,1,0,2,2,1,0,1.666666667,0.5,1,Bio-Centric,-1,2,-1,-1,0,1,1,-1,1,-1,1,2,2,0.5,1.4,-1,Stewardship
148,10418,-1,0,1,1,-1,-1,0,-1,-0.333333333,0,-0.333333333,Stewardship,1,0,0,1,1,1,2,0.666666667,1.5,0.5,Stewardship,1,-1,0,-1,1,2,1,0.333333333,1,0,Stewardship,1,1,-1,1,1,2,2,1,-1,-1,2,1,1,0.5,1.6,0,Stewardship
149,04866,-1,0,2,0,-1,-1,1,0,0,1,-0.666666667,Stewardship,2,-1,-1,2,1,0,1,0.333333333,1.5,0,Stewardship,2,2,1,-1,1,1,1,1.666666667,1,0,Bio-Centric,2,2,-1,-1,2,2,2,1,0,-1,2,2,2,1.5,2,-0.5,Stewardship
150,00043,-1,2,2,0,-1,-1,2,0,1,1,-0.666666667,Bio-Centric,1,1,1,1,1,2,-1,1.333333333,0,1,Bio-Centric,2,2,0,1,2,2,2,2,1,1.5,Bio-Centric,2,2,-1,-1,2,2,2,-1,0,0,2,2,2,1.5,2,-0.75,Stewardship
151,01902,-1,0,2,1,-1,-1,1,-1,0,0.5,-0.333333333,Stewardship,2,1,0,1,1,0,-1,0.666666667,0,1,Utilitarian,2,2,1,0,1,1,2,1.666666667,1,1,Bio-Centric,2,2,0,1,2,1,2,-1,1,0,1,1,2,1.5,1.6,0,Stewardship
152,00511,-1,1,1,1,0,0,1,-1,0.666666667,0,0,Bio-Centric,0,1,1,-1,1,1,-1,0.666666667,-1,1,Utilitarian,2,1,1,1,2,0,-1,1.666666667,0.5,0,Bio-Centric,2,1,1,1,1,2,1,-1,0,-1,1,1,1,1,1.2,0,Stewardship
153,01891-1,-1,1,1,1,-1,-1,1,-1,0.333333333,0,-0.333333333,Bio-Centric,1,1,1,-1,1,1,-1,1,-1,1,Bio-Centric,2,2,2,2,1,1,1,1.666666667,1.5,1.5,Bio-Centric,2,2,0,1,1,2,2,-1,1,-1,2,2,2,1.5,2,-0.25,Stewardship
154,04838,0,-1,1,1,-1,1,1,-1,-0.333333333,0,0.666666667,Utilitarian,2,1,-1,1,1,0,-1,0.333333333,0,1,Utilitarian,1,1,0,1,2,0,-1,1.333333333,0,0,Bio-Centric,2,2,0,-1,1,2,2,0,1,0,2,2,2,1.5,2,-0.25,Stewardship
155,01960,1,-1,-1,2,0,0,1,1,0,0,1,Utilitarian,1,1,0,1,1,0,-1,0.333333333,0,1,Utilitarian,1,1,-1,0,1,1,0,1,0,0,Bio-Centric,0,1,0,1,0,1,1,0,0,0,1,1,1,0.25,1,0.25,Stewardship
156,00572,-1,0,1,0,-1,-1,1,0,0,0.5,-0.666666667,Stewardship,0,1,0,0,1,1,0,0.333333333,0,1,Utilitarian,2,1,0,0,1,0,1,1.333333333,0,0.5,Bio-Centric,2,2,-1,-1,2,2,2,0,2,0,2,2,2,2,2,-0.5,Bio-Centric
157,04823,-1,1,2,1,-1,-1,1,-1,0.333333333,0.5,-0.333333333,Stewardship,1,1,2,1,1,1,-1,1.333333333,0,1,Bio-Centric,1,1,0,1,1,0,-1,1,0,0,Bio-Centric,2,2,-1,0,2,2,2,-1,2,-1,2,2,2,2,2,-0.75,Bio-Centric
158,09689,2,0,1,2,0,0,0,2,0,1.5,1.333333333,Stewardship,0,1,0,-1,1,0,2,0,0.5,1,Utilitarian,-99,-99,-99,-99,-99,-99,-99,-99,-99,-99,Bio-Centric,2,1,1,1,1,1,1,-1,0,-1,2,1,1,1,1.2,0,Stewardship
159,00998,0,1,1,1,-1,0,1,1,0.333333333,1,0.333333333,Stewardship,0,1,-1,0,1,0,-1,-0.333333333,-0.5,1,Utilitarian,0,1,-1,-1,1,0,0,0.666666667,-0.5,-0.5,Bio-Centric,1,1,1,0,0,1,1,-1,0,-1,1,0,1,0.25,1,-0.25,Stewardship
160,00997,0,-1,-1,2,0,1,0,1,-0.333333333,0,1,Utilitarian,2,1,0,1,1,0,1,0.666666667,1,1,Stewardship,1,1,-1,0,0,1,1,0.666666667,0,0.5,Bio-Centric,2,2,-1,-1,2,1,1,-1,1,-1,2,2,2,1.75,1.6,-1,Bio-Centric
161,02637,-1,0,0,2,-1,0,0,-1,-0.333333333,-0.5,0.333333333,Utilitarian,0,1,1,-1,0,-1,-1,0,-1,0.5,Utilitarian,-99,-99,-99,-99,-99,-99,-99,-99,-99,-99,Bio-Centric,2,2,0,0,2,2,2,-1,2,-1,2,2,2,2,2,-0.5,Bio-Centric
162,08081,0,2,2,0,-1,-1,-1,1,0,1.5,-0.333333333,Stewardship,1,0,1,0,1,0,0,0.666666667,0,0.5,Bio-Centric,2,2,2,0,2,2,2,2,2,1,Bio-Centric,2,2,-1,0,2,2,2,0,2,0,2,2,2,2,2,-0.25,Bio-Centric
163,08056,-1,2,2,1,-1,-1,2,0,1,1,-0.333333333,Bio-Centric,2,2,2,-1,1,2,0,2,-0.5,1.5,Bio-Centric,2,2,0,1,2,2,2,2,1,1.5,Bio-Centric,2,2,-1,1,2,2,2,-1,2,-1,2,2,2,2,2,-0.5,Bio-Centric
164,08082,-1,2,2,2,-1,-1,1,1,0.666666667,1.5,0,Stewardship,1,1,-1,1,1,-1,0,-0.333333333,0.5,1,Utilitarian,2,2,1,-1,2,0,0,2,0.5,-0.5,Bio-Centric,2,2,0,1,2,2,2,0,0,0,2,2,2,1.5,2,0.25,Stewardship
165,04908,-1,2,2,-1,-1,-1,2,-1,1,0.5,-1,Bio-Centric,2,-1,-1,2,0,-1,2,0,2,-0.5,Stewardship,2,2,2,-1,2,0,0,2,1,-0.5,Bio-Centric,2,2,-1,-1,2,0,0,0,0,0,2,2,2,1.5,1.2,-0.5,Bio-Centric
166,07358,0,0,0,2,2,0,0,2,0.666666667,1,0.666666667,Stewardship,0,1,0,-1,1,0,-1,0,-1,1,Utilitarian,2,2,-1,1,2,2,1,2,0.5,1,Bio-Centric,1,2,0,0,2,1,1,-1,1,-1,1,1,2,1.25,1.4,-0.5,Stewardship
167,04910,0,0,1,1,-1,-1,2,-1,0.333333333,0,0,Bio-Centric,0,1,1,-1,1,2,-1,1,-1,1,Bio-Centric,1,2,-1,-1,1,2,0,1.333333333,0.5,-0.5,Bio-Centric,2,2,-1,-1,1,2,2,-1,0,-1,2,2,2,1.25,2,-1,Stewardship
168,09684,-1,0,1,1,-1,1,0,-1,-0.333333333,0,0.333333333,Utilitarian,0,1,1,-1,1,1,0,0.666666667,-0.5,1,Utilitarian,2,2,-1,1,2,2,2,2,0.5,1.5,Bio-Centric,2,2,1,1,1,2,2,-1,1,-1,1,2,2,1.5,1.8,0,Stewardship
169,04848,-1,0,1,1,-1,-1,1,-1,0,0,-0.333333333,Bio-Centric,2,-1,1,1,1,0,1,1,1,0,Bio-Centric,2,2,1,-1,2,2,2,2,1.5,0.5,Bio-Centric,2,2,-1,0,1,2,2,-1,2,-1,1,1,1,1.5,1.6,-0.75,Stewardship
170,07335,-1,0,1,1,-1,-1,1,-1,0,0,-0.333333333,Bio-Centric,0,0,-1,1,1,-1,1,-0.666666667,1,0.5,Stewardship,1,0,-1,2,1,2,2,0.666666667,0.5,2,Utilitarian,0,1,-1,1,0,2,2,-1,0,-1,2,1,2,0.25,1.8,-0.5,Stewardship
171,10512,-1,2,2,1,-1,0,1,0,0.666666667,1,0,Stewardship,0,1,1,-1,1,1,-1,0.666666667,-1,1,Utilitarian,2,1,-1,2,1,2,2,1.333333333,0.5,2,Utilitarian,-99,-99,-99,-99,-99,-99,-99,-99,-99,-99,-99,-99,-99,-99,-99,-99,Bio-Centric
172,01900,-1,2,2,2,-1,-1,2,-1,1,0.5,0,Bio-Centric,2,0,2,1,1,2,0,2,0.5,0.5,Bio-Centric,2,1,2,0,1,0,0,1.333333333,1,0,Bio-Centric,2,2,2,0,1,2,1,0,1,0,1,1,2,1.25,1.6,0.5,Stewardship
173,01949,1,0,0,1,-1,1,0,-1,-0.333333333,-0.5,1,Utilitarian,2,1,0,-1,1,0,-1,0.666666667,-1,1,Utilitarian,1,1,-1,1,0,0,1,0.666666667,-0.5,1,Utilitarian,2,2,-1,1,1,2,2,-1,1,-1,2,1,1,1.25,1.8,-0.5,Stewardship
174,GHP Unknown,-1,0,0,-1,0,-1,1,1,0.333333333,0.5,-1,Stewardship,2,0,0,0,1,0,0,0.666666667,0,0.5,Bio-Centric,1,1,-1,-1,2,2,2,1.333333333,0.5,0.5,Bio-Centric,2,2,-1,-1,2,2,2,0,1,-1,2,2,2,1.75,2,-0.75,Stewardship
175,GHP Unknown ,-1,1,1,0,-1,-1,1,-1,0.333333333,0,-0.666666667,Bio-Centric,1,1,1,-1,1,0,-1,0.666666667,-1,1,Utilitarian,2,2,1,1,2,0,-1,2,0.5,0,Bio-Centric,1,1,0,-1,1,2,1,1,1,-1,1,0,1,0.75,1.2,-0.25,Stewardship
176,GHP Unknown ,-1,0,0,1,0,-1,1,-1,0.333333333,-0.5,-0.333333333,Bio-Centric,-1,1,1,0,1,1,-1,0.333333333,-0.5,1,Utilitarian,1,1,0,1,1,1,1,1,0.5,1,Bio-Centric,2,2,-1,-1,2,2,2,-1,2,-1,2,2,2,2,2,-1,Bio-Centric
177,03557,-1,1,2,0,-1,0,0,-1,0,0.5,-0.333333333,Stewardship,2,1,1,2,1,0,-1,1,0.5,1,Bio-Centric,2,0,0,0,0,1,1,0.666666667,0.5,0.5,Bio-Centric,2,2,0,0,2,2,2,0,2,0,2,2,2,2,2,0,Bio-Centric
178,00077,-1,0,1,2,-1,1,1,0,0,0.5,0.666666667,Utilitarian,0,1,2,-1,1,2,-1,1.333333333,-1,1,Bio-Centric,1,2,-1,-1,1,1,1,1.333333333,0,0,Bio-Centric,1,2,0,0,2,2,0,2,0,-1,0,2,2,1.25,1.2,0.25,Bio-Centric
179,03578,-1,1,2,2,-1,-1,2,2,0.666666667,2,0,Stewardship,1,-1,0,1,1,0,1,0.333333333,1,0,Stewardship,2,2,1,0,1,2,2,1.666666667,1.5,1,Bio-Centric,2,2,-1,0,0,0,1,1,-1,-1,1,1,2,0.5,1.2,-0.25,Stewardship
180,07378,0,0,1,1,-1,0,0,0,-0.333333333,0.5,0.333333333,Stewardship,0,1,0,-1,0,0,-1,0,-1,0.5,Utilitarian,1,1,0,1,1,1,1,1,0.5,1,Bio-Centric,1,1,1,1,1,1,1,-1,1,-1,1,1,1,1,1,0,Bio-Centric
181,09627,-1,2,2,1,-1,-1,0,-1,0.333333333,0.5,-0.333333333,Stewardship,2,1,2,0,1,-1,0,1,0,1,Bio-Centric,2,2,1,-1,0,2,2,1.333333333,1.5,0.5,Stewardship,1,1,1,-1,1,1,0,-1,0,-1,1,1,1,0.75,0.8,-0.5,Stewardship
182,03533,1,-1,-1,0,1,1,0,-1,0,-1,0.666666667,Utilitarian,1,-1,-1,2,0,-1,0,-0.333333333,1,-0.5,Stewardship,0,0,-1,0,-1,1,1,-0.333333333,0,0.5,Utilitarian,0,0,-1,0,0,0,0,1,0,0,0,0,1,0,0.2,0,Stewardship
183,05885,-1,0,0,2,0,-1,1,0,0.333333333,0,0,Bio-Centric,0,1,0,0,1,1,-1,0.333333333,-0.5,1,Utilitarian,1,1,-1,1,1,1,1,1,0,1,Bio-Centric,2,2,2,2,2,2,2,-1,2,-1,2,2,2,2,2,0.5,Bio-Centric
184,03537,-1,1,2,-1,-1,-1,2,0,0.666666667,1,-1,Stewardship,2,-1,-1,2,1,-1,0,0,1,0,Stewardship,2,2,2,-1,2,2,2,2,2,0.5,Bio-Centric,2,2,-1,-1,2,2,2,-1,2,-1,2,2,2,2,2,-1,Bio-Centric
185,00999,-99,-99,-99,-99,-99,-99,-99,-99,-99,-99,-99,Bio-Centric,-99,-99,-99,-99,-99,-99,-99,-99,-99,-99,Bio-Centric,2,1,1,0,2,2,2,1.666666667,1.5,1,Bio-Centric,2,2,0,0,2,2,2,1,1,-1,2,2,2,1.75,2,0,Stewardship
186,04885,-1,0,1,1,-1,-1,1,0,0,0.5,-0.333333333,Stewardship,1,0,-1,0,1,0,1,0,0.5,0.5,Stewardship,1,2,0,0,2,2,2,1.666666667,1,1,Bio-Centric,2,2,0,-1,1,2,1,-1,1,-1,1,2,2,1.5,1.6,-0.75,Stewardship
187,04909,-1,1,2,1,-1,-1,2,-1,0.666666667,0.5,-0.333333333,Bio-Centric,1,2,0,0,1,0,-1,0.333333333,-0.5,1.5,Utilitarian,2,2,2,0,2,1,1,2,1.5,0.5,Bio-Centric,2,2,-1,0,1,2,2,0,0,0,1,2,2,1.25,1.8,-0.25,Stewardship
188,05870,-1,1,1,1,-1,1,1,-1,0.333333333,0,0.333333333,Bio-Centric,0,0,0,1,1,0,-1,0,0,0.5,Utilitarian,2,2,0,0,2,2,1,2,1,0.5,Bio-Centric,2,2,2,2,2,2,2,-1,2,-1,2,2,2,2,2,0.5,Bio-Centric
189,09701,-1,1,1,-1,-1,-1,1,-1,0.333333333,0,-1,Bio-Centric,0,1,0,0,1,1,-1,0.333333333,-0.5,1,Utilitarian,1,0,0,0,0,0,2,0.333333333,0,1,Utilitarian,2,2,-1,0,0,0,1,-1,1,0,2,2,2,1.25,1.4,-0.5,Stewardship
190,04883,-1,0,1,1,0,-1,2,1,0.666666667,1,-0.333333333,Stewardship,1,1,1,0,0,0,-1,0.666666667,-0.5,0.5,Bio-Centric,2,2,0,1,2,1,2,2,0.5,1.5,Bio-Centric,2,2,2,1,2,2,1,-1,0,0,1,1,1,1.25,1.4,0.5,Stewardship
191,04911,1,1,1,1,0,1,1,0,0.666666667,0.5,1,Utilitarian,1,1,1,-1,1,1,0,1,-0.5,1,Bio-Centric,1,0,-1,1,1,1,2,0.666666667,0,1.5,Utilitarian,2,2,2,1,2,2,2,-1,2,-1,2,2,2,2,2,0.25,Bio-Centric
192,04881,-1,2,2,0,-1,-1,2,-1,1,0.5,-0.666666667,Bio-Centric,2,-1,-1,2,1,-1,2,0,2,0,Stewardship,2,2,2,-1,2,2,2,2,2,0.5,Bio-Centric,2,2,-1,-1,2,2,1,0,2,-1,2,2,2,2,1.8,-0.75,Bio-Centric
193,04884,-1,1,1,-1,-1,-1,1,-1,0.333333333,0,-1,Bio-Centric,2,0,-1,2,1,0,1,0.333333333,1.5,0.5,Stewardship,2,2,2,-1,1,1,1,1.666666667,1.5,0,Bio-Centric,2,2,-1,-1,1,1,1,-1,1,0,1,1,1,1.25,1.2,-0.75,Bio-Centric
194,04877,-1,0,2,1,-1,-1,2,-1,0.333333333,0.5,-0.333333333,Stewardship,1,2,1,1,1,1,-1,1,0,1.5,Utilitarian,2,2,2,2,2,1,0,2,1.5,1,Bio-Centric,2,2,-1,-1,1,1,1,-1,1,-1,2,2,2,1.5,1.6,-1,Stewardship
195,09643,-1,2,2,0,-1,-1,2,-1,1,0.5,-0.666666667,Bio-Centric,2,0,-1,2,1,-1,1,0,1.5,0.5,Stewardship,2,-1,2,-1,2,1,0,1,1.5,-0.5,Stewardship,2,2,-1,-1,2,2,2,1,2,-1,2,2,2,2,2,-0.5,Bio-Centric
196,01933,1,0,2,1,-1,2,2,-1,0.333333333,0.5,1.333333333,Utilitarian,-1,2,1,-1,1,1,-1,0.333333333,-1,1.5,Utilitarian,2,2,0,1,2,2,1,2,1,1,Bio-Centric,2,2,2,0,2,2,2,-1,2,-1,2,2,2,2,2,0,Bio-Centric
197,07369,0,0,0,1,0,1,1,0,0.333333333,0,0.666666667,Utilitarian,0,1,1,-1,1,1,-1,0.666666667,-1,1,Utilitarian,0,1,-1,0,2,2,2,1,0.5,1,Bio-Centric,2,2,2,1,1,2,2,-1,0,-1,2,1,2,1,2,0.25,Stewardship
198,01938,0,0,0,2,0,1,0,-1,0,-0.5,1,Utilitarian,-1,1,2,0,1,1,-1,0.666666667,-0.5,1,Utilitarian,1,2,-1,1,2,1,1,1.666666667,0,1,Bio-Centric,1,1,0,0,1,1,1,-1,0,-1,1,1,1,0.75,1,-0.5,Stewardship
199,07345,0,0,2,2,-1,1,2,-1,0.333333333,0.5,1,Utilitarian,0,0,0,0,1,2,-1,0.666666667,-0.5,0.5,Bio-Centric,2,2,0,2,2,2,2,2,1,2,Bio-Centric,2,2,2,2,2,2,2,2,2,-1,2,2,2,2,2,1.25,Bio-Centric
200,05873,0,-1,0,1,-1,-1,0,0,-0.666666667,0,0,Stewardship,-1,2,2,-1,1,2,-1,1,-1,1.5,Utilitarian,1,1,-1,1,1,2,2,1,0.5,1.5,Utilitarian,1,1,1,1,1,1,1,-1,0,-1,0,0,1,0.5,0.8,0,Stewardship
201,05843,-1,1,2,1,-1,-1,2,-1,0.666666667,0.5,-0.333333333,Bio-Centric,2,0,-1,2,1,1,0,0.666666667,1,0.5,Stewardship,2,2,2,-1,2,1,1,2,1.5,0,Bio-Centric,2,2,-1,-1,2,2,2,-1,1,-1,2,2,2,1.75,2,-1,Stewardship
202,05849,-1,2,2,1,-1,-1,2,-1,1,0.5,-0.333333333,Bio-Centric,1,1,-1,1,1,1,-1,0.333333333,0,1,Utilitarian,2,2,2,1,1,0,1,1.666666667,1,1,Bio-Centric,2,2,0,-1,2,2,2,1,2,-1,2,2,2,2,2,-0.25,Bio-Centric
203,03526,-1,0,0,1,-1,0,-1,0,-0.666666667,0,0,Stewardship,1,-1,0,0,1,0,-1,0.333333333,-0.5,0,Bio-Centric,1,1,-1,1,1,1,1,1,0,1,Bio-Centric,1,1,0,0,0,1,1,-1,1,-1,1,1,1,0.75,1,-0.5,Stewardship
204,03561,-1,1,1,-1,-1,-1,0,-1,0,0,-1,Bio-Centric,2,0,1,0,1,0,-1,1,-0.5,0.5,Bio-Centric,1,1,0,0,1,0,0,1,0,0,Bio-Centric,0,1,0,0,0,1,1,-1,-1,0,0,0,0,-0.25,0.6,-0.25,Stewardship
205,03507,-1,2,2,1,-1,-1,2,-1,1,0.5,-0.333333333,Bio-Centric,1,0,-1,2,1,0,-1,0,0.5,0.5,Stewardship,2,2,2,0,2,2,1,2,2,0.5,Bio-Centric,2,2,-1,-1,2,2,2,2,2,0,2,1,2,1.75,2,0,Stewardship
206,05932,-1,2,2,1,-1,1,1,-1,0.666666667,0.5,0.333333333,Bio-Centric,2,-1,-1,1,1,1,-1,0.666666667,0,0,Bio-Centric,2,2,2,1,1,2,2,1.666666667,2,1.5,Stewardship,2,2,-1,-1,2,2,1,-1,2,-1,2,2,2,2,1.8,-1,Bio-Centric
207,03550,0,0,0,2,0,-1,0,-1,0,-0.5,0.333333333,Utilitarian,-1,1,0,0,1,0,-1,-0.333333333,-0.5,1,Utilitarian,1,1,-1,0,1,1,1,1,0,0.5,Bio-Centric,2,2,-1,1,2,2,2,-1,2,-1,2,2,2,2,2,-0.5,Bio-Centric
208,01003,-1,0,2,1,-1,0,1,1,0,1.5,0,Stewardship,2,1,0,1,1,1,-1,1,0,1,Bio-Centric,2,2,1,0,0,2,1,1.333333333,1.5,0.5,Stewardship,2,2,-1,1,1,1,2,0,0,-1,1,2,2,1.25,1.6,-0.25,Stewardship
209,04907,-1,0,1,0,-1,-1,0,-1,-0.333333333,0,-0.666666667,Stewardship,1,1,1,1,1,-1,-1,0.333333333,0,1,Utilitarian,1,1,0,-1,2,1,-1,1.333333333,0.5,-1,Bio-Centric,2,2,-1,-1,0,1,1,-1,1,-1,1,1,1,1,1.2,-1,Stewardship
210,04829,-1,0,1,1,0,-1,1,-1,0.333333333,0,-0.333333333,Bio-Centric,1,1,0,1,1,1,-1,0.666666667,0,1,Utilitarian,2,1,-1,1,1,0,0,1.333333333,-0.5,0.5,Bio-Centric,2,2,2,2,2,2,2,-1,2,-1,2,2,2,2,2,0.5,Bio-Centric
211,05889,-1,0,1,1,-1,-1,1,0,0,0.5,-0.333333333,Stewardship,1,1,1,1,1,1,0,1,0.5,1,Bio-Centric,2,2,-1,0,2,1,1,2,0,0.5,Bio-Centric,2,2,-1,0,2,2,2,-1,2,1,1,2,2,2,1.8,-0.25,Bio-Centric
212,04849,-1,2,2,0,-1,-1,2,0,1,1,-0.666666667,Bio-Centric,2,-1,-1,1,1,0,1,0.333333333,1,0,Stewardship,2,2,0,-1,2,1,1,2,0.5,0,Bio-Centric,0,2,0,-1,2,2,1,-1,1,-1,1,0,2,0.75,1.6,-0.75,Stewardship
213,01874,-1,-1,1,2,-1,-1,1,0,-0.333333333,0.5,0,Stewardship,2,1,1,2,1,1,-1,1.333333333,0.5,1,Bio-Centric,2,2,-1,-1,2,2,1,2,0.5,0,Bio-Centric,2,2,-1,1,1,2,1,-1,0,-1,1,2,2,1.25,1.6,-0.5,Stewardship
214,03565,-1,1,1,-1,-1,-1,0,-1,0,0,-1,Bio-Centric,1,-1,-1,1,1,-1,1,-0.333333333,1,0,Stewardship,2,2,1,-1,2,2,1,2,1.5,0,Bio-Centric,2,1,0,1,1,2,1,-1,0,-1,1,1,1,1,1.2,-0.25,Stewardship
215,01879,1,-1,-1,1,1,1,0,0,0,-0.5,1,Utilitarian,0,-1,-1,1,0,0,0,-0.333333333,0.5,-0.5,Stewardship,-1,1,-1,0,1,0,0,0.333333333,-0.5,0,Bio-Centric,0,0,0,0,0,0,0,0,0,0,0,0,0,0,0,0,Bio-Centric
216,03505,-1,2,2,1,-1,-1,2,-1,1,0.5,-0.333333333,Bio-Centric,2,0,0,0,1,0,0,0.666666667,0,0.5,Bio-Centric,2,2,2,0,2,2,1,2,2,0.5,Bio-Centric,2,2,0,0,1,1,1,0,0,0,2,2,2,1.25,1.6,0,Stewardship
217,05872,-1,0,0,1,1,1,1,-1,0.666666667,-0.5,0.333333333,Bio-Centric,1,1,-1,1,1,1,-1,0.333333333,0,1,Utilitarian,1,1,-1,1,1,1,1,1,0,1,Bio-Centric,2,2,0,-1,1,1,1,-1,1,1,1,1,1,1.25,1.2,-0.25,Bio-Centric
218,04853,-1,1,2,0,-1,-1,0,-1,0,0.5,-0.666666667,Stewardship,1,0,-1,1,1,-1,0,-0.333333333,0.5,0.5,Stewardship,2,1,1,0,1,0,0,1.333333333,0.5,0,Bio-Centric,1,1,-1,0,1,1,1,0,1,1,1,1,1,1,1,0,Bio-Centric
219,04876,-1,1,1,1,-1,0,0,0,0,0.5,0,Stewardship,0,1,0,0,1,1,-1,0.333333333,-0.5,1,Utilitarian,2,2,0,1,1,0,-1,1.666666667,0,0,Bio-Centric,2,2,-1,-1,2,2,2,-1,-1,-1,2,2,2,1.25,2,-1,Stewardship
220,10427,-1,0,2,2,-1,1,2,-1,0.333333333,0.5,0.666666667,Utilitarian,2,2,-1,-1,1,1,1,0.666666667,0,1.5,Utilitarian,2,2,0,-1,2,2,0,2,1,-0.5,Bio-Centric,2,2,-1,0,2,2,2,-1,2,-1,2,2,2,2,2,-0.75,Bio-Centric
221,05879,-1,2,2,2,-1,-1,1,0,0.666666667,1,0,Stewardship,2,1,0,2,1,0,2,0.666666667,2,1,Stewardship,2,1,1,0,2,2,0,1.666666667,1.5,0,Bio-Centric,2,2,-1,1,2,2,2,0,1,0,2,2,2,1.75,2,0,Stewardship
222,09635,-1,1,1,1,-1,-1,1,-1,0.333333333,0,-0.333333333,Bio-Centric,1,1,0,0,1,0,0,0.333333333,0,1,Utilitarian,1,0,-1,-1,1,1,1,0.666666667,0,0,Bio-Centric,1,1,-1,0,1,1,1,-1,0,-1,1,1,1,0.75,1,-0.75,Stewardship
223,01962,-1,1,1,1,-1,-1,0,0,0,0.5,-0.333333333,Stewardship,1,1,2,-1,1,2,-1,1.666666667,-1,1,Bio-Centric,1,1,0,1,2,2,2,1.333333333,1,1.5,Utilitarian,2,2,-1,-1,0,2,1,-1,0,-1,1,2,2,1,1.6,-1,Stewardship
224,07307,0,-1,0,2,-1,1,0,-1,-0.666666667,-0.5,1,Utilitarian,0,1,0,-1,1,0,-1,0,-1,1,Utilitarian,2,2,-1,1,1,1,1,1.666666667,0,1,Bio-Centric,-99,-99,-99,-99,-99,-99,-99,-99,-99,-99,-99,-99,-99,-99,-99,-99,Bio-Centric
225,07299,0,0,1,1,-1,-1,0,-1,-0.333333333,0,0,Stewardship,0,1,2,-1,1,1,-1,1,-1,1,Bio-Centric,1,1,0,1,1,2,0,1,1,0.5,Bio-Centric,2,1,-1,1,1,0,1,-1,2,-1,1,2,2,1.75,1,-0.5,Bio-Centric
226,07281,-1,-1,-1,2,0,0,0,-1,-0.333333333,-1,0.333333333,Utilitarian,1,2,0,0,1,-1,1,0,0.5,1.5,Utilitarian,1,1,-1,-1,2,1,1,1.333333333,0,0,Bio-Centric,1,1,1,0,1,1,1,-1,0,-1,1,1,2,0.75,1.2,-0.25,Stewardship
227,07282,-1,1,2,2,-1,0,1,-1,0.333333333,0.5,0.333333333,Stewardship,0,1,0,-1,1,0,-1,0,-1,1,Utilitarian,2,1,1,0,1,1,1,1.333333333,1,0.5,Bio-Centric,2,2,-1,-1,1,1,0,0,0,-1,2,2,2,1.25,1.4,-0.75,Stewardship
228,10475,-1,1,2,1,-1,-1,1,0,0.333333333,1,-0.333333333,Stewardship,2,1,0,2,1,1,-1,1,0.5,1,Bio-Centric,2,2,0,-1,2,2,2,2,1,0.5,Bio-Centric,2,2,0,2,2,2,2,-1,1,-1,1,2,2,1.75,1.8,0,Stewardship
229,10460,-1,1,1,0,-1,-1,0,0,0,0.5,-0.666666667,Stewardship,2,1,0,0,1,0,0,0.666666667,0,1,Utilitarian,2,2,0,-1,2,2,1,2,1,0,Bio-Centric,2,2,-1,-1,1,2,2,-1,0,-1,2,2,2,1.25,2,-1,Stewardship
230,04825,0,2,2,1,-1,0,1,0,0.666666667,1,0.333333333,Stewardship,1,1,2,0,0,1,-1,1.333333333,-0.5,0.5,Bio-Centric,2,2,0,1,2,1,1,2,0.5,1,Bio-Centric,2,1,-1,-1,1,2,1,0,1,-1,1,1,1,1.25,1.2,-0.75,Bio-Centric
231,09656,1,0,1,1,-1,1,-1,-1,-0.666666667,0,1,Utilitarian,-1,1,0,0,1,-1,0,-0.666666667,0,1,Utilitarian,1,1,-1,-1,0,-1,1,0.666666667,-1,0,Bio-Centric,2,2,1,-1,1,1,1,-1,-1,-1,0,1,1,0.75,1,-0.5,Stewardship
232,04864,0,0,0,2,-1,0,0,-1,-0.333333333,-0.5,0.666666667,Utilitarian,1,2,1,-1,1,0,-1,0.666666667,-1,1.5,Utilitarian,1,1,-1,1,-1,2,1,0.333333333,0.5,1,Utilitarian,0,1,-1,1,0,1,-1,1,-1,0,0,0,-1,-0.25,0,0.25,Utilitarian
233,10476,2,-1,-1,1,2,1,-1,0,0,-0.5,1.333333333,Utilitarian,0,1,0,1,-1,0,0,0,0.5,0,Stewardship,-1,0,-1,-1,0,0,0,-0.333333333,-0.5,-0.5,Bio-Centric,-1,-1,-1,-1,-1,-1,0,0,0,0,1,0,1,-0.5,0,-0.5,Stewardship
234,04822,-1,0,0,1,1,-1,0,-1,0.333333333,-0.5,-0.333333333,Bio-Centric,0,0,-1,1,1,0,-1,-0.333333333,0,0.5,Utilitarian,1,1,-1,-1,1,1,1,1,0,0,Bio-Centric,2,2,-1,-1,1,2,1,-1,1,-1,1,1,1,1.25,1.4,-1,Stewardship
235,01963,-1,2,2,1,-1,0,2,-1,1,0.5,0,Bio-Centric,0,0,1,0,1,2,-1,1,-0.5,0.5,Bio-Centric,2,2,1,1,2,1,1,2,1,1,Bio-Centric,2,2,-1,1,2,2,2,1,2,1,2,2,2,2,2,0.5,Bio-Centric
236,07321,-1,1,1,1,-1,-1,1,0,0.333333333,0.5,-0.333333333,Stewardship,1,0,-1,1,1,0,0,0,0.5,0.5,Stewardship,2,1,1,0,1,2,0,1.333333333,1.5,0,Stewardship,2,2,0,0,1,1,1,0,1,0,1,1,1,1.25,1.2,0,Bio-Centric
237,04847,-1,1,2,0,-1,-1,2,0,0.666666667,1,-0.666666667,Stewardship,2,1,1,1,1,1,0,1.333333333,0.5,1,Bio-Centric,1,2,2,1,2,0,-1,1.666666667,1,0,Bio-Centric,2,2,-1,-1,2,1,2,1,2,0,1,2,2,2,1.6,-0.25,Bio-Centric
238,03556,-1,0,1,2,-1,0,0,-1,-0.333333333,0,0.333333333,Utilitarian,1,0,-1,1,1,-1,-1,-0.333333333,0,0.5,Utilitarian,2,2,-1,0,2,2,0,2,0.5,0,Bio-Centric,2,2,-1,-1,1,2,2,1,1,-1,2,2,2,1.5,2,-0.5,Stewardship
239,01880,-1,0,0,1,-1,-1,1,-1,0,-0.5,-0.333333333,Bio-Centric,0,0,1,-1,1,1,-1,0.666666667,-1,0.5,Bio-Centric,2,2,0,0,2,2,2,2,1,1,Bio-Centric,2,2,-1,1,2,2,2,1,-1,-1,2,2,2,1.25,2,0,Stewardship
240,04902,-1,0,2,2,-1,-1,2,-1,0.333333333,0.5,0,Stewardship,2,-1,-1,2,1,0,2,0.333333333,2,0,Stewardship,2,2,1,-1,2,1,1,2,1,0,Bio-Centric,2,2,-1,-1,1,1,1,0,1,-1,2,2,2,1.5,1.6,-0.75,Stewardship
241,10459,-1,1,1,1,-1,-1,1,-1,0.333333333,0,-0.333333333,Bio-Centric,-1,1,1,-1,1,1,-1,0.333333333,-1,1,Utilitarian,2,2,1,1,1,1,1,1.666666667,1,1,Bio-Centric,2,1,0,0,0,1,1,0,0,-1,1,1,2,0.75,1.2,-0.25,Stewardship
242,04871,1,0,1,1,0,1,1,-1,0.333333333,0,1,Utilitarian,1,1,1,1,1,1,-1,1,0,1,Bio-Centric,1,0,0,1,1,-1,-1,0.666666667,-0.5,0,Bio-Centric,1,1,0,0,1,1,1,0,0,0,1,1,1,0.75,1,0,Stewardship
243,01871,0,0,1,-1,-1,-1,0,-1,-0.333333333,0,-0.666666667,Stewardship,2,-1,-1,2,0,-1,2,0,2,-0.5,Stewardship,2,2,1,-1,2,2,2,2,1.5,0.5,Bio-Centric,2,2,0,0,2,0,2,2,0,0,2,2,2,1.5,1.6,0.5,Stewardship
244,04889,0,1,1,1,-1,0,1,0,0.333333333,0.5,0.333333333,Stewardship,2,0,1,2,0,0,2,1,2,0,Stewardship,2,2,1,-1,2,2,1,2,1.5,0,Bio-Centric,2,2,0,-1,1,1,1,-1,0,0,2,2,2,1.25,1.6,-0.5,Stewardship
245,10423,-1,2,2,0,-1,-1,1,0,0.666666667,1,-0.666666667,Stewardship,0,1,1,-1,1,2,-1,1,-1,1,Bio-Centric,2,2,0,1,0,2,2,1.333333333,1,1.5,Utilitarian,2,2,2,0,2,2,1,-1,2,-1,2,2,2,2,1.8,0,Bio-Centric
246,05896,-1,2,2,0,-1,-1,1,-1,0.666666667,0.5,-0.666666667,Bio-Centric,2,-1,-1,2,1,-1,2,0,2,0,Stewardship,2,2,1,-1,2,2,2,2,1.5,0.5,Bio-Centric,2,2,-1,0,2,2,2,0,1,-1,2,2,2,1.75,2,-0.5,Stewardship